{
  "n_terms": 30,
  "min_arg": 50,
  "pearson_r": 0.5353932333715435,
  "spearman_rho": 0.37575083426028927
}