{
  "n_terms": 30,
  "min_arg": 50,
  "pearson_r": 0.7219260383839227,
  "spearman_rho": 0.7281423804226921
}