{
  "n_terms": 30,
  "min_arg": 50,
  "spearman_rho": 0.7281423804226921,
  "ci_lo": 0.516532618409294,
  "ci_hi": 0.846875,
  "bootstrap_draws": 10000,
  "robustness": {
    "family_clusters": {
      "rho": 0.44545454545454544,
      "ci_lo": -0.4579439252336448,
      "ci_hi": 0.8888888888888888,
      "n": 11
    },
    "min_arg_sensitivity": {
      "25": {
        "rho": 0.6321750321750321,
        "ci_lo": 0.3263592922639803,
        "ci_hi": 0.8300232138251226,
        "n": 36
      },
      "50": {
        "rho": 0.7281423804226921,
        "ci_lo": 0.516532618409294,
        "ci_hi": 0.846875,
        "n": 30
      },
      "100": {
        "rho": 0.7443897099069514,
        "ci_lo": 0.5327462850853055,
        "ci_hi": 0.8548254055540281,
        "n": 28
      }
    }
  }
}