{
  "confusion_counts": {
    "extended": {
      "fn": 0,
      "fp": 17,
      "tn": 50,
      "tp": 33
    },
    "parent": {
      "fn": 13,
      "fp": 1,
      "tn": 37,
      "tp": 49
    }
  },
  "observed_counts": {
    "extended": {
      "arg": 8966,
      "voc": 598
    },
    "grandparent": {
      "arg": 4062,
      "voc": 717
    },
    "parent": {
      "arg": 65677,
      "voc": 16406
    }
  },
  "posterior_summary": {
    "contrast": {
      "diff_summary": {
        "mean": 0.3483192486659356,
        "median": 0.346802986282194,
        "q025": 0.25065128556286675,
        "q975": 0.454110249696218
      },
      "ratio_summary": {
        "mean": 7.419271159467516,
        "median": 7.394622502993608,
        "q025": 3.614083230551561,
        "q975": 11.565778813433434
      }
    },
    "extended": {
      "fov_summary": {
        "mean": 0.019447182263407862,
        "median": 0.01364918478320133,
        "q025": 0.0005162704466654179,
        "q975": 0.07094664543771602
      },
      "ppv_summary": {
        "mean": 0.6542350423107491,
        "median": 0.6564686035761467,
        "q025": 0.522100121133572,
        "q975": 0.7757903929145918
      },
      "true_voc_rate_summary": {
        "mean": 0.059138016674565336,
        "median": 0.05424098071691536,
        "q025": 0.03767512462510254,
        "q975": 0.10765342999644895
      }
    },
    "parent": {
      "fov_summary": {
        "mean": 0.2690817526348755,
        "median": 0.26654509718548985,
        "q025": 0.15980493450291197,
        "q975": 0.39592685902473684
      },
      "ppv_summary": {
        "mean": 0.9614063417739617,
        "median": 0.9671019758390174,
        "q025": 0.8967325972093938,
        "q975": 0.9950005172562872
      },
      "true_voc_rate_summary": {
        "mean": 0.4074572653405009,
        "median": 0.4054086005160834,
        "q025": 0.31950751148507334,
        "q975": 0.5092849630404321
      }
    }
  },
  "settings": {
    "draws": 20000,
    "prior": {
      "a": 1.0,
      "b": 1.0
    },
    "seed": 20260131
  }
}