{
  "confusion_counts": {
    "extended": {
      "fn": 0,
      "fp": 15,
      "tn": 50,
      "tp": 35
    },
    "parent": {
      "fn": 13,
      "fp": 1,
      "tn": 37,
      "tp": 49
    }
  },
  "observed_counts": {
    "extended": {
      "arg": 8966,
      "voc": 598
    },
    "grandparent": {
      "arg": 4062,
      "voc": 717
    },
    "parent": {
      "arg": 65677,
      "voc": 16406
    }
  },
  "posterior_summary": {
    "contrast": {
      "diff_summary": {
        "mean": 0.3459262105430045,
        "median": 0.34462014316832884,
        "q025": 0.2477642931377632,
        "q975": 0.4519398676005041
      },
      "ratio_summary": {
        "mean": 7.092757383103595,
        "median": 7.078992438088541,
        "q025": 3.536843963164769,
        "q975": 10.956981628807856
      }
    },
    "extended": {
      "fov_summary": {
        "mean": 0.01944822243096254,
        "median": 0.013661084923990553,
        "q025": 0.0005025088520838129,
        "q975": 0.07078426864293118
      },
      "ppv_summary": {
        "mean": 0.6924920497779993,
        "median": 0.6953995170196196,
        "q025": 0.5628431596952703,
        "q975": 0.8083907754697145
      },
      "true_voc_rate_summary": {
        "mean": 0.0615310547974966,
        "median": 0.05661410979630342,
        "q025": 0.04022359587229104,
        "q975": 0.10984918748184802
      }
    },
    "parent": {
      "fov_summary": {
        "mean": 0.26908175263487644,
        "median": 0.26654509718548985,
        "q025": 0.15980493450291197,
        "q975": 0.39592685902473684
      },
      "ppv_summary": {
        "mean": 0.9614063417739594,
        "median": 0.9671019758390174,
        "q025": 0.8967325972093938,
        "q975": 0.9950005172562872
      },
      "true_voc_rate_summary": {
        "mean": 0.4074572653405027,
        "median": 0.4054086005160834,
        "q025": 0.31950751148507334,
        "q975": 0.5092849630404321
      }
    }
  },
  "settings": {
    "draws": 20000,
    "prior": {
      "a": 1.0,
      "b": 1.0
    },
    "seed": 20260131
  }
}